data,patrimonio_gerida,patrimonio_funcef,patrimonio_total,patrimonio_rv,fluxo_gerida,fluxo_funcef,fluxo_total,fluxo_rv,twr_gerida,twr_total,twr_rv,cdi_acum,ipca_acum,ibov_acum,sp500_brl_acum,nasdaq_brl_acum,ouro_brl_acum,drawdown
2026-01-02,62831.581801081644,1166762.6591580529,1229594.2409591344,7781.537628173828,0.0,0.0,0.0,7862.82,0.0,0.0,0.0,0.0005513100000000826,0.0,0.0,0.0,0.0,0.0,0.0
2026-01-05,63125.24581874133,1166762.6591580529,1229887.9049767943,7715.155410766602,0.0,0.0,0.0,0.0,0.0046738281806972815,0.00023883002040636647,-0.008530732687956566,0.0011029239427162718,0.0,0.00829082029911743,-0.011047815454190646,-0.009683776868572247,0.008613078589644996,0.0
2026-01-06,63220.666082531956,1166762.6591580529,1229983.3252405848,7669.807434082031,0.0,0.0,0.0,0.0,0.00619249540274347,0.00031643307075568394,-0.014358369698973972,0.001654841995715195,0.0,0.019465675007318994,-0.007507490631337266,-0.0029893976443392534,0.016925980055028766,0.0
2026-01-07,63128.91634191005,1166762.6591580529,1229891.575499963,7641.44401550293,0.0,0.0,0.0,0.0,0.0047322466235169,0.00024181517034138622,-0.018003332935598193,0.00220706432665585,0.0,0.008944866979363253,-0.01741476730262803,-0.008986509530201636,0.0005796040054313334,-0.0014512618469114042
2026-01-08,62989.05567094544,1166762.6591580529,1229751.7148289983,7479.218673706055,0.0,0.0,0.0,0.0,0.0025062853003181562,0.00012806978482649,-0.03885079902115973,0.002759591103289827,0.0,0.014937180373616465,-0.015162782218602677,-0.01247473144831901,0.008419685644413866,-0.00366352374845527
2026-01-09,63167.032110476095,1166762.6591580529,1229929.691268529,7527.741241455078,0.0,0.0,0.0,0.0,0.005338880540306068,0.0002728138260736923,-0.03261519751570108,0.003312422493461087,0.0,0.017634344302630556,-0.008288419529560609,-0.0019409205295203291,0.016227761675646102,-0.0008483613884397211
2026-01-12,63574.20744286339,1166762.6591580529,1230336.8666009163,7598.268699645996,0.0,0.0,0.0,0.0,0.011819305204392672,0.0006039599219349601,-0.023551762811541144,0.0038655586651059615,0.0,0.01626396078211534,-0.009729580488194722,-0.004134673927609467,0.03224839223216214,0.0
2026-01-13,63600.590996235296,1166762.6591580529,1230363.2501542883,7639.068412780762,0.0,0.0,0.0,0.0,0.01223921431085806,0.0006254170437181017,-0.018308619992691844,0.004418999786253597,0.0,0.008932408947358583,-0.011024040616524067,-0.005270497668051544,0.03134949849296631,0.0
2026-01-14,63869.5534123401,1166762.6591580529,1230632.212570393,7782.225227355957,0.0,0.0,0.0,0.0,0.016519902595235836,0.0008441578340905309,8.836289368296946e-05,0.004972746025025732,0.0,0.028697076722790094,-0.016737931852935706,-0.016375652450986156,0.041274211786292536,0.0
2026-01-15,65566.78104394357,1166762.6591580529,1232329.4402019964,7706.085395812988,1999.9,0.0,1999.9,0.0,0.01184895922920104,0.0005984009139534674,-0.009696314014810858,0.005526797549636919,0.0,0.0313257214757785,-0.009649657761925279,-0.008686005915797157,0.03984586915350108,0.0
2026-01-16,65526.2509263995,1166762.6591580529,1232288.9100844525,7718.383598327637,0.0,0.0,0.0,0.0,0.011223484612307377,0.0005654922050641886,-0.00811588054493706,0.006081154528394084,0.0,0.0265418371859798,-0.015458032648857034,-0.014554135437699678,0.029162576604504276,-0.0006181501806060198
2026-01-19,67276.28704690713,1166762.6591580529,1234038.94620496,9220.935194396972,1499.9,0.0,1499.9,1499.9,0.014997288059336533,0.0007683450502906641,-0.007830569727111936,0.006635817129697186,0.0,0.02684705897009443,-0.015494677582458372,-0.014590814014613707,0.029124270879065106,0.0
2026-01-20,67577.6115196739,1166762.6591580529,1234340.2706777267,9253.478948974609,0.0,0.0,0.0,0.0,0.019543370135342464,0.0010127101044576925,-0.00432887301658158,0.0071907855220390005,0.0,0.035742093821439,-0.03562221402777499,-0.035319924477620224,0.068450828183237,0.0
2026-01-21,68015.24940242307,1166762.6591580529,1234777.908560476,9479.512731933593,0.0,0.0,0.0,0.0,0.0261460125170887,0.0013676212205104843,0.019992283670119182,0.00774605987400534,0.0,0.07025084247441438,-0.023429675608136025,-0.02121208985866596,0.08533108885018192,0.0
2026-01-22,68421.10720514749,1166762.6591580529,1235183.7663632003,9657.324163818359,0.0,0.0,0.0,0.0,0.0322691888573019,0.0016967596507093674,0.03912473209859457,0.008301640354274609,0.0,0.09374669083524867,-0.028211060439731428,-0.023985248285419813,0.09409942212614797,0.0
2026-01-23,68823.00452200184,1166762.6591580529,1235585.6636800547,9862.624304199218,0.0,0.0,0.0,0.0,0.038332613350408495,0.0020226862463856854,0.06121495603167171,0.00885752713161847,0.0,0.11411557316290755,-0.034308566699715826,-0.02711601391052798,0.10132243583748957,0.0
2026-01-26,69317.4230652459,1166762.6591580529,1236080.0822232987,10066.876165771484,0.0,0.0,0.0,0.0,0.045791905510944586,0.0024236447645962222,0.08319238552835362,0.009413720374901402,0.0,0.11325596895458423,-0.02851910037731309,-0.02206092200322607,0.11874432552219516,0.0
2026-01-27,69509.1616390001,1166762.6591580529,1236271.820797053,10250.060217285156,0.0,0.0,0.0,0.0,0.04868466521751391,0.0025791389617026983,0.1029029259663603,0.009970220253081363,0.0,0.13317636213007433,-0.02636104933466532,-0.015273450138363232,0.1436554810709736,0.0
2026-01-28,68597.95227070016,1166762.6591580529,1235360.611428753,8755.009841918945,0.0,0.0,0.0,-1800.0,0.03493725021772587,0.0018401756621146959,0.14270498945851928,0.010527026935209127,0.0,0.1504431944885667,-0.04405250544485739,-0.029991680507586826,0.1663967613951196,-0.013109198079993533
2026-01-29,68752.26985988516,1166762.6591580529,1235514.929017938,8839.697265625,0.0,0.0,0.0,0.0,0.03726543956047945,0.001965322570010697,0.15375840268827368,0.011084140590428948,0.0,0.14074461657292003,-0.042801733185858004,-0.032641024541568586,0.1731305225581996,-0.010889093772212434
2026-01-30,93966.28502530746,1197264.5920245128,1291230.8770498203,8810.673141479492,0.0,9812.08,9812.08,0.0,0.41766926589154596,0.03889866104794737,0.1499701703419276,0.011641561387977895,0.0,0.1297192582487745,-0.048368304830330056,-0.04649696028924821,0.05175606048604564,0.0
2026-02-02,96328.2769342499,1197264.5920245128,1293592.8689587626,11399.541854858398,840.0,0.0,840.0,2640.0,0.44042810673914734,0.04012242932909316,0.14483514870093228,0.012199289497186738,0.0,0.13862052211612141,-0.031105851220035063,-0.02736935383682948,0.02269910136212472,0.0
2026-02-03,99024.34777058869,1197264.5920245128,1296288.9397951015,13303.785049438477,1627.0,0.0,1627.0,1627.0,0.4561487471063954,0.04098094345635994,0.1692006140277893,0.01275732508747951,0.0,0.15656631721886893,-0.038444026887516136,-0.04168281190358303,0.08737415060158704,0.0
2026-02-04,98770.0381657926,1197264.5920245128,1296034.6301903054,12980.252090454102,0.0,0.0,0.0,0.0,0.45240913537717864,0.040776720891310125,0.14076698157679557,0.013315668328373498,0.0,0.13186203975358013,-0.04730494503435545,-0.06252276822579084,0.0815660356299246,-0.0025681522829642807
2026-02-05,98675.08241993448,1197264.5920245128,1295939.6744444473,13025.410537719727,0.0,0.0,0.0,0.0,0.4510128152450614,0.04070046696452301,0.144735723109773,0.013874319389479695,0.0,0.13447199745856153,-0.05888664114922937,-0.07533602047975319,0.05384756882164288,-0.0035270653987376985
2026-02-06,98870.60952912316,1197264.5920245128,1296135.201553636,12947.809509277344,0.0,0.0,0.0,0.0,0.45388803292112256,0.04085748442285819,0.1379157715120245,0.01443327844050235,0.0,0.1395984776284891,-0.03439631855961556,-0.04962228716653283,0.09212886073121918,-0.0015525297053376943
2026-02-09,96448.49990293784,1197264.5920245128,1293713.0919274506,13254.60189819336,0.0,0.0,0.0,0.0,0.41827101572354364,0.03891241655533495,0.16487816215248352,0.01499254565123942,0.0,0.160098169292197,-0.03991677562783258,-0.05225243385169709,0.10851912792237028,-0.026012267948670172
2026-02-10,96216.54304080266,1197264.5920245128,1293481.1350653155,13125.646926879883,0.0,0.0,0.0,0.0,0.4148601001074834,0.03872614429320742,0.1535449790710255,0.015552121191582557,0.0,0.1581547162994661,-0.0475467221832756,-0.06191311605551553,0.09273999694514612,-0.028354690467549647
2026-02-11,96682.39239898413,1197264.5920245128,1293946.984423497,13386.66764831543,0.0,0.0,0.0,0.0,0.4217103947524712,0.03910024322246697,0.1764847354367749,0.01611200523151668,0.0,0.18163810662829594,-0.046749464951378994,-0.05833106967853674,0.10583362946420483,-0.023650298379447134
2026-02-12,96215.63888069041,1197264.5920245128,1293480.2309052031,13297.531326293945,0.0,0.0,0.0,0.0,0.4148468044721749,0.03872541821014219,0.16865100676088218,0.016672197941120848,0.0,0.16959741869576872,-0.06122687671061833,-0.07708027029386777,0.06847012982478318,-0.028363821152402414
2026-02-13,96427.59759120716,1197264.5920245128,1293692.18961572,13220.40934753418,0.0,0.0,0.0,0.0,0.4179636481344253,0.03889563101661908,0.1618731563532072,0.017232699490567827,0.0,0.16148723986071922,-0.05801215811087446,-0.07269007027424113,0.09789730685555864,-0.026223350497571213
2026-02-16,96427.59759120716,1197264.5920245128,1293692.18961572,13220.40934753418,0.0,0.0,0.0,0.0,0.4179636481344253,0.03889563101661908,0.1618731563532072,0.017232699490567827,0.0,0.16148723986071922,-0.057289536233820715,-0.07197870818204555,0.09873953069052988,-0.026223350497571213
2026-02-17,96427.59759120716,1197264.5920245128,1293692.18961572,13220.40934753418,0.0,0.0,0.0,0.0,0.4179636481344253,0.03889563101661908,0.1618731563532072,0.017232699490567827,0.0,0.16148723986071922,-0.05161506680196304,-0.06852842761061717,0.07006822902763266,-0.026223350497571213
2026-02-18,110340.38447227994,1197264.5920245128,1307604.9764967929,13205.00666809082,11000.0,0.0,11000.0,0.0,0.45641024849349465,0.041215014537816064,0.1605194948053148,0.017793510050124084,0.0,0.1586966406916699,-0.05059181888987707,-0.0652792947487365,0.08884526201653298,0.0
2026-02-19,110237.32572251708,1197264.5920245128,1307501.9177470298,13101.759475708008,0.0,0.0,0.0,0.0,0.4550499503572374,0.041132951285104635,0.1514456349765494,0.018354629790150012,0.0,0.17438130298556742,-0.05075046234311864,-0.06661218912954858,0.09488528205559388,-0.0009340075282114795
2026-02-20,101522.9458924682,1197264.5920245128,1298787.537916981,13208.897277832031,0.0,0.0,0.0,0.0,0.340026678012771,0.03419389607766621,0.16086142030106387,0.018916058881099707,0.0,0.18683933499025152,-0.04883765830893372,-0.06311350228296575,0.11071447193146167,-0.07991125481375215
2026-02-23,101978.09963018984,1197264.5920245128,1299242.6916547026,13248.633163452148,0.0,0.0,0.0,0.0,0.34603436569147794,0.03455632426825672,0.16435360103709717,0.01947779749352163,0.0,0.1763745881063168,-0.06455304222009628,-0.08022743514851993,0.13396788928060355,-0.07578625796968198
2026-02-24,101959.66706137036,1197264.5920245128,1299224.2590858832,13328.861465454102,0.0,0.0,0.0,0.0,0.3457910696193902,0.03454164684827421,0.17140445007100058,0.020039845798057954,0.0,0.19279427428849072,-0.05841507972671289,-0.07125343226877578,0.11699743430698839,-0.07595330985107279
2026-02-25,102005.91659315392,1197264.5920245128,1299270.5086176668,13216.598205566406,0.0,0.0,0.0,0.0,0.34640152872191887,0.03457847426004923,0.16153821486758413,0.020602203965444987,0.0,0.1912868524159239,-0.05422355516860167,-0.06160711828712484,0.11028135709313669,-0.07553415659177655
2026-02-26,100857.96297216223,1197264.5920245128,1298122.554996675,13135.021408081055,0.0,0.0,0.0,0.0,0.33124940263133484,0.03366438585594134,0.15436885356507868,0.021164872166513193,0.0,0.18977320152735477,-0.0643742020002005,-0.07752872081236684,0.11362842438226317,-0.08593790519644157
2026-02-27,101968.44289178189,1217755.9252233596,1319724.3681151415,13822.636276245117,0.0,6466.87,6466.87,740.0,0.3459069039932827,0.045656244278029945,0.1500105349144072,0.0217278505721874,0.0,0.1759572440341599,-0.06617989838223615,-0.07804197182627393,0.13093516181331943,-0.0758737756854679
2026-03-02,101559.27999297908,1217755.9252233596,1319315.2052163386,19269.290077209473,0.0,0.0,0.0,5479.0,0.34050626086547653,0.04533205253739303,0.1480833164587776,0.022291139353486367,0.0,0.1791963323553778,-0.06708098933025097,-0.07809732055060048,0.14432788385129447,-0.07958196376873128
2026-03-03,101429.06135103779,1217755.9252233596,1319184.9865743974,19619.809051513672,0.0,0.0,0.0,710.0,0.3387874725399216,0.0452288764959734,0.1274262177035208,0.022854738681523434,0.0,0.1405639751088521,-0.06855932025709321,-0.08091483149957912,0.10216014339331436,-0.08076211773107318
2026-03-04,101638.02001098274,1217755.9252233596,1319393.9452343422,19770.80381011963,0.0,0.0,0.0,0.0,0.34154556999726515,0.04539444055832331,0.13610293056760625,0.023418648727506097,0.0,0.15464778029014759,-0.04190925512282506,-0.04771648921153737,0.13353108688674142,-0.07886835362154673
2026-03-05,105350.71686229597,1217755.9252233596,1323106.6420856556,23611.790912628174,0.0,0.0,0.0,4105.0,0.3905503815144893,0.04833611894169043,0.12354017754227953,0.023982869662736217,0.0,0.1241131438466665,-0.05584000671792122,-0.05898927965504697,0.11025848373929104,-0.04522068355886043
2026-03-06,104462.53535205893,1217755.9252233596,1322218.4605754185,23494.048610687256,0.0,0.0,0.0,0.0,0.3788270522890358,0.04763238673467041,0.11793754420894009,0.024547401658610024,0.0,0.11726745526009252,-0.06244379472165851,-0.06728181412955281,0.13440563120640414,-0.05327015261305044
2026-03-09,111088.45132948879,1217755.9252233596,1328844.3765528484,30244.250831604004,960.0199999999993,0.0,960.0199999999993,6966.8,0.4529315987311775,0.052118384816534524,0.1099882322142478,0.025112244886618562,0.0,0.12692243006372284,-0.05823232171812409,-0.05858277053800576,0.1277860029765019,0.0
2026-03-10,114297.79750090197,1217755.9252233596,1332053.7227242617,33057.70421028137,2400.0,0.0,2400.0,2400.0,0.4632932224292954,0.05275803295448922,0.12404670723542366,0.02567739951834702,0.0,0.14269429858165306,-0.0670895026824071,-0.06584474464206758,0.13194772742571503,0.0
2026-03-11,111606.46328496847,1217755.9252233596,1329362.388508328,33140.98251914978,0.0,0.0,0.0,0.0,0.4288375180887416,0.05063099883652966,0.12687838327294343,0.026242865725475628,0.0,0.1459458449348756,-0.07555316017798686,-0.0732266993847207,0.11917684491604974,-0.02354668484239394
2026-03-12,110263.2953756728,1217755.9252233596,1328019.2205990325,31920.885721206665,0.0,0.0,0.0,0.0,0.41164166181477113,0.04956945696175774,0.08539196366217361,0.026808643679778754,0.0,0.11676913397990529,-0.09157008946608924,-0.0911831940241109,0.0950401897271358,-0.03529816158703617
2026-03-13,109655.68104272557,1217755.9252233596,1327411.606266085,31470.978408813477,0.0,0.0,0.0,0.0,0.4038627023361727,0.04908924294408257,0.07009396142221713,0.02737473355312603,0.0,0.10660337986408286,-0.08086122949926522,-0.08062806843046777,0.09990238349228253,-0.040614224942871445
2026-03-16,110200.63526558284,1217755.9252233596,1327956.5604889425,36739.70574569702,2399.42,0.0,2399.42,4843.4,0.3806293527334903,0.047626253045682576,0.08262729490525444,0.02794113551748123,0.0,0.12044425342128706,-0.0564645347983046,-0.05516708463800968,0.11718094533237067,-0.035846379588257614
2026-03-17,110447.23276359992,1217755.9252233596,1328203.1579869594,36950.15300178528,0.0,0.0,0.0,0.0,0.3837188062856638,0.04782079405744799,0.0888286495147903,0.02850784974490339,0.0,0.12377677698253997,-0.0710974398014036,-0.06742724929837818,0.09409455846281034,-0.033688879589054734
2026-03-18,109953.1116061955,1217755.9252233596,1327709.0368295552,36744.95801925659,0.0,0.0,0.0,0.0,0.377528295930845,0.047430981384289916,0.08278206627863627,0.029074876407546357,0.0,0.1189804346607366,-0.09082822044249583,-0.08791295910608543,0.05158285085217762,-0.038011982642729314
2026-03-19,109068.9190996438,1217755.9252233596,1326824.8443230034,36646.63856315613,0.0,0.0,0.0,0.0,0.3664508450153372,0.04673344103532795,0.07988483766359566,0.02963331417997761,0.0,0.12291094375821454,-0.08124512587731636,-0.07840020331740405,0.02174203512306372,-0.045747849176331776
2026-03-20,111043.23468384604,1217755.9252233596,1328799.1599072057,35700.81009674072,0.0,0.0,0.0,0.0,0.39118571192912244,0.04829098056587244,0.05201363692161309,0.030192054994250483,0.0,0.09767097091672428,-0.10240993817950306,-0.10295005351453868,-0.01742573531293301,-0.028474414102601167
2026-03-23,112078.3391728879,1217755.9252233596,1329834.2643962475,37157.44715881348,0.0,0.0,0.0,0.0,0.40415383717879383,0.04910757552811007,0.09493709017641394,0.030751099014813654,0.0,0.13325733933810469,-0.07612857185646471,-0.07604548266361433,-0.02277377356316601,-0.01941820731931908
2026-03-24,111678.97748661919,1217755.9252233596,1329434.9027099789,37237.05763244629,796.6500000000001,0.0,796.6500000000001,0.0,0.3892755686545539,0.0481646056129299,0.09728301184252053,0.03131044640620506,0.0,0.1368514815714561,-0.09327486868803025,-0.09679122620154024,-0.037539894349513214,-0.022912252655280765
2026-03-25,112806.90339416607,1217755.9252233596,1330562.8286175258,37946.210693359375,0.0,0.0,0.0,0.0,0.4033068567436229,0.04905389474745947,0.11817997997079788,0.031870097333051906,0.0,0.15500906321828345,-0.08841346420093454,-0.0908025727753593,-0.00840667027080022,-0.01304394432206038
2026-03-26,111756.05629916598,1217755.9252233596,1329511.9815225257,37360.69330215454,0.0,0.0,0.0,0.0,0.3902344215518685,0.04822537675936922,0.10092624599296629,0.03243005196007065,0.0,0.13824678115598088,-0.10356174148134234,-0.11176338435035282,-0.044620239430812836,-0.022237884345198616
2026-03-27,111968.50287215902,1217755.9252233596,1329724.4280955186,37245.88290977478,0.0,0.0,0.0,0.0,0.39287723616340964,0.048392875730504326,0.09754307070600388,0.03299031045206724,0.0,0.13092145833722646,-0.11883805005106385,-0.12915124249623688,-0.011656003390676184,-0.02037917334955269
2026-03-30,112332.3383669457,1217755.9252233596,1330088.2635903053,37499.949634552,0.0,0.0,0.0,0.0,0.3974033141710369,0.048679734069429825,0.10502978202794244,0.03355087297393711,0.0,0.13688262665146778,-0.12182867663567132,-0.13542576155030728,-0.011341262029275434,-0.017195949326501814
2026-03-31,114258.36941142858,1230468.3053658362,1344726.6747772647,38774.30205154419,0.0,6425.08,6425.08,0.0,0.42136295218698194,0.05512422937228023,0.1425817624252217,0.034111739690665166,0.0,0.1677037978310567,-0.09176055535710514,-0.1013507901544215,0.03135284621217638,-0.00034495931098834514
2026-04-01,115102.04379140298,1230468.3053658362,1345570.3491572393,39243.87747955322,0.0,0.0,0.0,0.0,0.43185817904504176,0.05578620871478068,0.1564189765525814,0.034672910767325815,0.006699999999999928,0.17076224468820667,-0.09762256817483994,-0.10305757348404454,0.03494434834283777,0.0
2026-04-02,114903.87515144463,1230468.3053658362,1345372.180517281,39387.42651557922,0.0,0.0,0.0,0.0,0.42939298052546726,0.05563071798388086,0.1606490078335827,0.03523438636908294,0.006699999999999928,0.17137891727243848,-0.10327415388273686,-0.10872643274476368,0.007378816819117118,-0.0017216778558465761
2026-04-03,114903.87515144463,1230468.3053658362,1345372.180517281,39387.42651557922,0.0,0.0,0.0,0.0,0.42939298052546726,0.05563071798388086,0.1606490078335827,0.03523438636908294,0.006699999999999928,0.17137891727243848,-0.10294357770056295,-0.10839786653424188,0.007750184996703213,-0.0017216778558465761
2026-04-06,115025.84905115323,1230468.3053658362,1345494.1544169895,39482.54491996765,0.0,0.0,0.0,0.0,0.4309103239207268,0.055726423393275715,0.16345190945591836,0.03579616666119012,0.006699999999999928,0.1720641090326962,-0.09871045522176514,-0.10269958035367854,0.004260510006627527,-0.0006619755630736877
2026-04-07,114798.41084847524,1230468.3053658362,1345266.7162143115,39239.76711654663,0.0,0.0,0.0,0.0,0.4280810149006198,0.0555479666385823,0.15629785442891198,0.03635825180899044,0.006699999999999928,0.17266832358492334,-0.10145363510716932,-0.1057324467741978,0.010150722835295722,-0.0026379457125714203
2026-04-08,115945.46856683146,1230468.3053658362,1346413.7739326677,40124.11266708374,0.0,0.0,0.0,0.0,0.4423503008469374,0.056447992207961706,0.18235730732073674,0.03692064197791711,0.006699999999999928,0.1972231046661559,-0.07671194082620703,-0.0776354722107594,0.019207878137228462,0.0
2026-04-09,116686.19559135791,1230468.3053658362,1347154.5009571943,40736.25414657593,0.0,0.0,0.0,0.0,0.4515648726614052,0.05702919509891968,0.2003955866316578,0.03748333733349285,0.006699999999999928,0.2154616635210136,-0.08010555690223797,-0.0800990192627895,0.016942245575830794,0.0
2026-04-10,116969.7540736986,1230468.3053658362,1347438.0594395348,41097.39450836182,0.0,0.0,0.0,0.0,0.45509231247744286,0.05725168598184305,0.21103749039832453,0.038046338041330285,0.006699999999999928,0.22913435364615453,-0.08194562149965312,-0.07963761791818169,0.014252851323030669,0.0
2026-04-13,113747.684826952,1230468.3053658362,1344215.9901927882,37910.44987487793,0.0,0.0,0.0,-3364.0,0.4150100858510881,0.05472352662074398,0.21672000821897064,0.03860964426713176,0.006699999999999928,0.2333513974797401,-0.08913082600086719,-0.08641383719135387,-0.007712722851899723,-0.027546174412886988
2026-04-14,113932.1783084741,1230468.3053658362,1344400.4836743104,37863.471267700195,0.0,0.0,0.0,0.0,0.41730516673580875,0.05486828729677318,0.21521224950072648,0.039173256176689764,0.006699999999999928,0.23743763197727663,-0.08035003680273423,-0.07188971161101465,0.012051725555585202,-0.025968899304606746
2026-04-15,116648.08386863284,1230468.3053658362,1347116.389234469,40631.54745864868,0.0,0.0,0.0,3330.0,0.45109076655430336,0.056999291176565325,0.19863543101393555,0.039737173935886716,0.006699999999999928,0.23171316627112426,-0.07479694470287213,-0.06067675091589886,-0.00030712022446721665,-0.002750028908012314
2026-04-16,116230.58305862892,1230468.3053658362,1346698.8884244652,40235.24952507019,0.0,0.0,0.0,0.0,0.44589709726859184,0.0566717039957052,0.18694459534226393,0.04030139771069474,0.006699999999999928,0.22598870056497167,-0.07096786988075221,-0.054634238801552604,0.00032956861568789186,-0.006319334608534343
2026-04-17,121147.46948015009,1230468.3053658362,1351615.7748459864,44949.13910484314,1407.5900000000001,0.0,1407.5900000000001,4471.0,0.4890300478866165,0.059422357811929505,0.193393279296725,0.04086592766717656,0.006699999999999928,0.2192302182024306,-0.06078193495016426,-0.043467049335493946,0.0123437399575268,0.0
2026-04-20,121081.23877691338,1230468.3053658362,1351549.5441427496,45000.77262496948,0.0,0.0,0.0,0.0,0.4882160027593405,0.05937044491694232,0.19476414194576241,0.041430763971484375,0.006699999999999928,0.22170936657136275,-0.059402787695990944,-0.042737827978424625,0.007676269457717266,-0.0005466948960709548
2026-04-21,121081.23877691338,1230468.3053658362,1351549.5441427496,45000.77262496948,0.0,0.0,0.0,0.0,0.4882160027593405,0.05937044491694232,0.19476414194576241,0.041430763971484375,0.006699999999999928,0.22170936657136275,-0.0754364504506867,-0.05699244166645845,-0.031018316254358802,-0.0005466948960709548
2026-04-22,121678.516277141,1230468.3053658362,1352146.8216429772,52842.12523841858,1456.0,0.0,1456.0,8456.0,0.4777868093251929,0.05869808607807259,0.18102671221831423,0.041995906789861204,0.006699999999999928,0.20150866767576736,-0.055276957695091555,-0.029918591830297325,-0.007340545356989359,0.0
2026-04-23,121245.34454095893,1230468.3053658362,1351713.6499067952,52473.5728969574,0.0,0.0,0.0,0.0,0.4725259342135639,0.05835892314051416,0.17278953102712702,0.04256135628863977,0.006699999999999928,0.19209662449622833,-0.06352099338000061,-0.0399367922158711,-0.021335976527735223,-0.0035599689200306287
2026-04-24,122414.06739527016,1230468.3053658362,1352882.3727611064,53576.88593864441,1442.0,0.0,1442.0,1442.0,0.46924598968660214,0.058145181797712775,0.16542229930422514,0.0431271126342434,0.006699999999999928,0.18815365736674572,-0.04736215029654445,-0.01224734319110421,-0.007740652805662607,0.0
2026-04-27,120901.97220139691,1230468.3053658362,1351370.2775672332,54193.97530555725,1498.5,0.0,1498.5,742.95,0.433549005852363,0.055793076224746496,0.16272198208364297,0.04369317599318556,0.006699999999999928,0.18089062470801487,-0.05599010734038756,-0.022326146580596173,-0.0254622658072996,-0.012352299258146137
2026-04-28,120242.12856019314,1230468.3053658362,1350710.4339260294,53751.92782020569,0.0,0.0,0.0,0.0,0.425725161636737,0.055277556267456784,0.1532379328799236,0.04425954653207009,0.006699999999999928,0.17491076934576655,-0.05674264509953186,-0.028247806545624532,-0.03933874217771571,-0.017742559178790397
2026-04-29,120685.63844131556,1230468.3053658362,1351153.9438071519,54311.0567779541,0.0,0.0,0.0,980.0,0.43098391083323206,0.05562405986421304,0.14436990154783436,0.04482622441759121,0.006699999999999928,0.1508107064327049,-0.058118709222529485,-0.023604582423491394,-0.05045742483372373,-0.014119528831384814
2026-04-30,122628.92155152923,1252177.3112591873,1374806.2328107166,55775.67078781128,0.0,6392.39,6392.39,695.0,0.4540256488629142,0.06904530686349042,0.16038128575312927,0.04538416162143033,0.006699999999999928,0.16680681952671939,-0.044055383189408714,-0.009502484804384537,-0.03155048492517898,0.0
2026-05-01,122628.92155152923,1252177.3112591873,1374806.2328107166,55775.67078781128,0.0,0.0,0.0,0.0,0.4540256488629142,0.06904530686349042,0.16038128575312927,0.04538416162143033,0.01253886000000004,0.16680681952671939,-0.05042787647522362,-0.009749661407053578,-0.04225085658553929,0.0
2026-05-04,115941.99411218805,1252177.3112591873,1368119.3053713753,49339.48477554321,0.0,0.0,0.0,-6349.75,0.37473795811370003,0.06384557163844029,0.15835201185286985,0.04594239676373624,0.01253886000000004,0.1561053700346957,-0.05762904122534773,-0.015335491935284273,-0.06489616495655348,-0.0545297744996583
2026-05-05,119346.18898726987,1252177.3112591873,1371523.500246457,52634.57801055908,0.0,0.0,0.0,3228.0,0.4151018999919356,0.06649266361984241,0.15983044636603316,0.04650093000360811,0.01253886000000004,0.16329365450139832,-0.04367074590235542,0.004221308554598124,-0.05071268465737655,-0.026769643920255347
2026-05-06,122218.7203569217,1252177.3112591873,1374396.031616109,55151.084045410156,0.0,0.0,0.0,533.5,0.44916184470801146,0.06872633561394315,0.20308856026834676,0.04705976150023017,0.01253886000000004,0.16913024249559294,-0.040911727089219974,0.013333900665118081,-0.033082282813367,-0.0033450607688429185
2026-05-07,122100.97996856077,1252177.3112591873,1374278.2912277482,54976.829402923584,0.0,0.0,0.0,1287.2,0.4477657829762616,0.06863478103221277,0.17193489584594923,0.047618891412871234,0.01253886000000004,0.1412678539171166,-0.04359512645190333,0.01310721433288009,-0.030352813341232965,-0.004305196329616379
2026-05-08,123634.53866905729,1252177.3112591873,1375811.8499282445,56445.26419830322,0.0,0.0,0.0,2722.5,0.4659493701459638,0.06982727179377513,0.14646349452865204,0.048178319900885835,0.01253886000000004,0.14681167815920126,-0.03306743066002982,0.03956251323418036,-0.02336450026939718,0.0
2026-05-11,125151.91782887594,1252177.3112591873,1377329.2290880634,57272.260078430176,0.0,0.0,0.0,1777.5,0.48394111458529876,0.07100718139181383,0.12774713349979372,0.04873804712371288,0.01253886000000004,0.13311407197005098,-0.03744036306317777,0.03594612623334359,-0.027531011197673982,0.0
2026-05-12,127982.80567214015,1252177.3112591873,1380160.1169313274,60203.45937347412,0.0,0.0,0.0,3356.0,0.5175072870761066,0.07320847150155618,0.11984540950667322,0.04929807324087698,0.01253886000000004,0.12335320389438076,-0.040332542788046655,0.025464100164169112,-0.032713022831135974,0.0
2026-05-13,130412.51469988287,1252177.3112591873,1382589.8259590701,62565.7717666626,0.0,0.0,0.0,3195.0,0.546316634829582,0.0750978061373484,0.10513714367094007,0.04985839841198758,0.01253886000000004,0.10314627598278303,-0.03407002867240083,0.03682098176667625,-0.03773630748006074,0.0
2026-05-14,136428.05225549208,1252177.3112591873,1388605.3635146795,68620.5763381958,5672.210000000003,0.0,5672.210000000003,6064.299999999999,0.5502178302914877,0.07536368584324071,0.1049842405714152,0.0504190227967396,0.01253886000000004,0.1110446682737527,-0.003837388042517653,0.06885833035558897,-0.022416724666384447,0.0
2026-05-15,126598.4077758538,1252177.3112591873,1378775.719035041,68169.4383644104,2583.4,0.0,2583.4,513.4000000000001,0.41179094122360294,0.06576862756341662,0.08956780834926481,0.050979946554913,0.01253886000000004,0.10430487295921864,-0.02022580886443348,0.04805726297250601,-0.0490390575388675,-0.07205002429581023
2026-05-18,126569.99693888723,1252177.3112591873,1378747.3081980746,68144.12671890258,0.0,0.0,0.0,1017.0,0.4114741113126532,0.06574666650165462,0.07315318661037429,0.05154116984637347,0.01253886000000004,0.1023863360304973,-0.009931456034575015,0.05508792424500952,-0.03552843668847672,-0.07225827206081806
2026-05-19,125401.79184089074,1252177.3112591873,1377579.103100078,67096.35731735229,0.0,0.0,0.0,0.0,0.3984466064346872,0.06484366514558504,0.05665261456922366,0.052102692831071495,0.01253886000000004,0.0855866798721805,-0.027188670417904404,0.03734907837972257,-0.06198737490139594,-0.08082106452676016
2026-05-20,127092.91683198918,1252177.3112591873,1379270.2280911764,68713.14520874023,0.0,0.0,0.0,0.0,0.4173055714473972,0.06615087409619136,0.08211425244262727,0.05266451566904329,0.01253886000000004,0.1047533621113872,-0.006362157445057526,0.06566240312079064,-0.038533295385307476,-0.06842533679232456
2026-05-21,127591.93689627438,1252177.3112591873,1379769.2481554616,69184.18340148925,0.0,0.0,0.0,0.0,0.4228705072046779,0.06653660755646151,0.08953229654859984,0.05322663852041054,0.01253886000000004,0.10658469281607585,-0.013807862112365066,0.058012699144800006,-0.048485778336962104,-0.06476758418180811
2026-05-22,127511.50268072872,1252177.3112591873,1379688.813939916,69103.7491859436,0.0,0.0,0.0,0.0,0.42197352675392175,0.06647443336646974,0.08826559553001623,0.053789061545380434,0.01253886000000004,0.09761490977270326,-0.00906584759600726,0.06363968754463967,-0.05437359186329538,-0.06535715659170387
2026-05-25,132716.96602953447,1252177.3112591873,1384894.2772887219,70320.64824905395,1998.53,0.0,1998.53,0.0,0.45718450021810075,0.06894974910342899,0.10742966982723368,0.05435178490424564,0.01253886000000004,0.1047720491593942,-0.007367203596878369,0.06546296224770631,-0.052752613698699435,-0.027201782658362445
2026-05-26,132647.84419098316,1252177.3112591873,1384825.1554501704,72553.52640953063,0.0,0.0,0.0,2302.0,0.45642556731918926,0.06889639645897883,0.10637562432260483,0.054914808757384526,0.01253886000000004,0.09997570683759083,-0.004344380709084272,0.08094324410106779,-0.055636419773626766,-0.027708436806160874
2026-05-27,132644.43847084462,1252177.3112591873,1384821.749730032,72550.12068939209,0.0,0.0,0.0,0.0,0.45638817373835017,0.06889376770691658,0.10632369017231591,0.055478133265260965,0.01253886000000004,0.09471218831561168,0.0025971873875723084,0.08729335412175643,-0.06131685341727655,-0.02773340029484402
2026-05-28,140971.41078958614,1252177.3112591873,1393148.7220487734,78912.09300994873,7924.0,0.0,7924.0,5959.0,0.4605632512005702,0.0692030377945434,0.1120022383562822,0.05604175858842475,0.01253886000000004,0.09047022841801677,0.014042829274131696,0.10254619685431265,-0.04633665971668144,0.0
2026-05-29,141517.26348746248,1252177.3112591873,1393694.5747466497,80232.94570922852,0.0,0.0,0.0,775.0,0.4662186701725548,0.06962196461371262,0.11961939943575794,0.05660568488751094,0.01253886000000004,0.08252823301503054,0.011998693305403929,0.10190877140114574,-0.04021786008257633,0.0
2026-06-01,140873.25319159456,1264709.3759444912,1405582.6291360857,79588.9354133606,0.0,0.0,0.0,0.0,0.45954626924905506,0.07874571692061583,0.1106324874594331,0.05716991232324098,0.01253886000000004,0.07262409757130661,0.0121447538416255,0.10572941203458974,-0.05625567403282428,-0.004550754303731821
2026-06-02,140431.3220583243,1264709.3759444912,1405140.6980028155,79147.00428009033,0.0,0.0,0.0,0.0,0.45496755098837616,0.07840654702244887,0.10446551121731429,0.05773444105642156,0.01253886000000004,0.08508212957599093,0.013331894541481759,0.11091457373947278,-0.0546883410175516,-0.007673561531483338
2026-06-03,138759.7788270078,1264709.3759444912,1403469.154771499,79170.46104621887,0.0,0.0,0.0,1695.0,0.4376491840742651,0.07712368391354829,0.0816288451949907,0.05829927124794576,0.01253886000000004,0.06099452469493394,0.002288174329089676,0.10374174541133963,-0.06730774050209665,-0.019485146847112205
2026-06-04,138759.7788270078,1264709.3759444912,1403469.154771499,79170.46104621887,0.0,0.0,0.0,0.0,0.4376491840742651,0.07712368391354829,0.0816288451949907,0.05829927124794576,0.01253886000000004,0.06099452469493394,0.017717445776148866,0.11023953434423728,-0.048988620942009176,-0.019485146847112205
2026-06-05,138124.36634193867,1264709.3759444912,1402833.74228643,77113.85366249084,2999.65,0.0,2999.65,0.0,0.4007843020769206,0.0743398241635913,0.05353142299881819,0.05886440305879215,0.01253886000000004,0.05282205569986109,-0.012455349532472737,0.05381235867060252,-0.08653192062512127,-0.023975146649330138
2026-06-08,138615.32030807942,1264709.3759444912,1403324.6962525707,77604.80762863159,0.0,0.0,0.0,0.0,0.405763297651893,0.07471581412003214,0.060238848526259714,0.05942983665002566,0.01253886000000004,0.05064190009904146,0.013248070910911736,0.09503054362048458,-0.0636986792496087,-0.020505930568959545
2026-06-09,138199.41804825276,1264709.3759444912,1402908.793992744,77188.90536880493,0.0,0.0,0.0,0.0,0.401545436805232,0.07439730142161127,0.054556781312483205,0.05999557218279672,0.01253886000000004,0.05776789440572072,0.01573273495941052,0.08821305770641197,-0.07412616104114134,-0.023444810600818742
2026-06-10,134456.2696984908,1264709.3759444912,1399165.645642982,73445.75701904297,0.0,0.0,0.0,-2336.0,0.36358440510926515,0.07153066568376021,0.03473232924555547,0.060561609818342355,0.01253886000000004,0.050330449298924274,-0.0032182867330003972,0.06397905582676633,-0.11427233258549807,-0.04989492882327562
2026-06-11,136284.90608536213,1264709.3759444912,1400994.2820298534,75274.3934059143,0.0,0.0,0.0,0.0,0.38212946861091224,0.07293110027205896,0.060494868359148635,0.0611279497179853,0.01253886000000004,0.06825901727929029,0.014635027717559979,0.09941624833076035,-0.0869301563390904,-0.036973279960037506
2026-06-12,136886.45212112874,1264709.3759444912,1401595.82806562,75875.93944168091,0.0,0.0,0.0,0.0,0.3882300304899975,0.07339178555700099,0.06896968237156087,0.061694592043134655,0.01253886000000004,0.06598805430456145,0.0043558852103480206,0.08981478905842777,-0.10001785040985745,-0.03272258982554452
2026-06-15,138353.78721939534,1264709.3759444912,1403063.1631638866,77343.27453994751,0.0,0.0,0.0,0.0,0.4031109673295554,0.07451552280678464,0.08964206870995062,0.06226153695528569,0.01253886000000004,0.06151854066613094,0.010394963590714124,0.11158495382706302,-0.08604586957259197,-0.02235399547806692
2026-06-16,137992.61297737568,1264709.3759444912,1402701.988921867,76982.10029792786,0.0,0.0,0.0,0.0,0.3994481291067673,0.07423892276504951,0.0845537058163448,0.06282878461601982,0.01253886000000004,0.05674302661658537,0.007470521065313873,0.09369031989629506,-0.08077462511529099,-0.024906152247630594
2026-06-17,142001.65714584797,1264709.3759444912,1406711.0330903393,80991.14446640015,0.0,0.0,0.0,3866.0,0.44010573562658006,0.07730919094950339,0.08647260165236759,0.06339633518700483,0.01253886000000004,0.04930227234503759,0.000487018640422221,0.08856283543353638,-0.0970098876247133,0.0
2026-06-18,142206.2067598006,1264709.3759444912,1406915.582704292,81195.69408035278,0.0,0.0,0.0,0.0,0.44218016967329565,0.0774658422971739,0.08921657511640846,0.06395494791584189,0.01253886000000004,0.048203532319249565,0.015342670598581076,0.11995413178499859,-0.0969635026905622,0.0
2026-06-19,142559.92038666218,1264709.3759444912,1407269.2963311535,81549.40770721436,0.0,0.0,0.0,0.0,0.4457673462813083,0.07773672873526838,0.09396154034622572,0.06451385408953159,0.01253886000000004,0.05006260161082343,0.02711741903689413,0.13294204074034965,-0.08649114897753896,0.0
2026-06-22,142687.1392663619,1264709.3759444912,1407396.5152108532,81676.62658691406,0.0,0.0,0.0,0.0,0.4470575329031967,0.07783415746450895,0.09566814454495987,0.06507305386222328,0.01253886000000004,0.061239792200026066,0.01736737104788033,0.12417095566578817,-0.09786545827759863,0.0
2026-06-23,142632.90344749897,1264709.3759444912,1407342.2793919903,81622.39076805115,0.0,0.0,0.0,0.0,0.44650750190080735,0.07779262175122792,0.09494058683959627,0.06563254738814761,0.01253886000000004,0.06677505154510732,0.003747847691354833,0.08821034964825913,-0.11381819824906736,-0.0003801030642409199
2026-06-24,142233.6358941695,1264709.3759444912,1406943.0118386608,81223.12321472168,0.0,0.0,0.0,0.0,0.44245834145327256,0.07748684850090726,0.08958452896093272,0.06619233482161602,0.01253886000000004,0.062088690287095405,0.01077324100709931,0.09215029034568323,-0.13376774938014024,-0.0031783058692192523
2026-06-25,142553.4924024245,1264709.3759444912,1407262.8683469158,81542.97972297668,0.0,0.0,0.0,0.0,0.445702157063413,0.07773180595700335,0.093875310810835,0.06675241631702122,0.01253886000000004,0.07132972751169508,0.012578530470778171,0.10245780759252421,-0.12380188549492466,-0.0009366426758889042
2026-06-26,142936.50081001729,1264709.3759444912,1407645.8767545086,81925.98813056946,0.0,0.0,0.0,0.0,0.44958642585050934,0.0780251273769712,0.09901325698746533,0.06731279202883678,0.01253886000000004,0.07945820408125126,0.009496575166645371,0.08759082456574308,-0.11624475192834838,0.0
2026-06-29,143166.72349678486,1264709.3759444912,1407876.0994412762,82156.21081733704,0.0,0.0,0.0,0.0,0.45192122262928813,0.07820144007416752,0.10210162724201255,0.06787346211161749,0.01253886000000004,0.07889671668566511,0.016756918365588014,0.10710201236392303,-0.13206216349486355,0.0
2026-06-30,116018.54483841389,1264709.3759444912,1380727.920782905,82703.41215896606,0.0,0.0,0.0,0.0,0.17659874693747324,0.05741040218634286,0.10944217378181365,0.06843442671999944,0.01253886000000004,0.07154102741389945,0.02700721799185901,0.12816645591904274,-0.13043142378406936,-0.18962631815053482
2026-07-01,115979.33317421406,1264709.3759444912,1380688.7091187052,82664.20049476624,0.0,0.0,0.0,0.0,0.1762010829689491,0.05738037250345762,0.10891616073311572,0.06899568600869976,0.01253886000000004,0.06945109521673865,0.02339665879289332,0.10923775075339104,-0.12644569992221144,-0.1899002062667262
2026-07-02,116353.87194107502,1264709.3759444912,1381063.2478855662,83038.7392616272,0.0,0.0,0.0,0.0,0.17999945713733623,0.05766720757222066,0.11394048914743915,0.06955724013251707,0.01253886000000004,0.0762992170126886,0.03247575176951223,0.10105990855573443,-0.10071370498703536,-0.1872841041606431
2026-07-03,116979.65232323139,1264709.3759444912,1381689.0282677226,83664.51964378357,0.0,0.0,0.0,0.0,0.18634579094568315,0.0581464523789752,0.12233515061745326,0.07011908924633103,0.01253886000000004,0.08550570266415014,0.032792141258232155,0.10139731481532066,-0.10043812976833943,-0.1829131137036992
2026-07-06,116974.0227780196,1264709.3759444912,1381683.3987225108,83658.89009857178,0.0,0.0,0.0,0.0,0.18628869907428247,0.05814214107362892,0.12225963190892442,0.07068123350510302,0.01253886000000004,0.07417872370576628,0.03274132192889323,0.10716920048099765,-0.09784723590264266,-0.18295243530773042
2026-07-07,115328.68236587971,1264709.3759444912,1380038.058310371,82013.54968643188,0.0,0.0,0.0,0.0,0.16960252644640095,0.05688208104243331,0.10018786974333338,0.07124367306387569,0.01253886000000004,0.07151961517139127,0.020049106442774578,0.07904282439623556,-0.11557788182191087,-0.19444491325199828
2026-07-08,114021.0528359267,1264709.3759444912,1378730.428780418,80705.92015647888,0.0,0.0,0.0,0.0,0.15634123905011466,0.0558806519800048,0.08264640065105633,0.07180640807777294,0.01253886000000004,0.06300309037056406,0.02257408730924615,0.08772769066962405,-0.11812362742975879,-0.20357852683212863
2026-07-09,113210.5334572646,1264709.3759444912,1377919.9094017558,79895.40077781677,0.0,0.0,0.0,-2300.0,0.14812138000404063,0.05525992749890296,0.10321348066634917,0.07180640807777294,0.01253886000000004,0.07601346090358096,0.02023468746345758,0.09393629008091642,-0.1184906475448535,-0.20923989393522024
2026-07-10,112594.9639105692,1264709.3759444912,1377304.3398550604,79895.40077781677,0.0,0.0,0.0,0.0,0.1418785990908391,0.05478850251201939,0.10321348066634917,0.07180640807777294,0.01253886000000004,0.07601346090358096,0.02023468746345758,0.09393629008091642,-0.1184906475448535,-0.21353956310177216
